{
  "/web/category/get_list?per_page=20&cur_page=1": "/categorys",
  "/web/carousel/get_by_group_id?carousel_group_id=23": "/carouselById",
  "/web/carousel/get_by_group_name?group_name=5G": "/carouselByName",
  "/web/index/article?per_page=10&cur_page=1": "/recommend",
  "/web/index/article?per_page=10&cur_page=2": "/recommend2",
  "/web/index/article?per_page=10&cur_page=3": "/recommend3",
  "/web/article/search?key_word=5G&per_page=10&cur_page=1": "/search",
  "/web/article/search?key_word=5G&per_page=10&cur_page=2": "/search2",
  "/web/article/search?key_word=5G&per_page=10&cur_page=3": "/search3",
  "/web/tag/get_article_list?tag_name=5G&per_page=10&cur_page=1": "/articleListByTag",
  "/web/tag/get_article_list?tag_name=5G&per_page=10&cur_page=2": "/articleListByTag2",
  "/web/tag/get_article_list?tag_name=5G&per_page=10&cur_page=3": "/articleListByTag3",
  "/web/category/article_list?category=1G&per_page=10&cur_page=1": "/articles",
  "/web/category/article_list?category=2G&per_page=10&cur_page=1": "/articles2",
  "/web/category/article_list?category=3G&per_page=10&cur_page=1": "/articles3",
  "/web/category/article_list?category=4G&per_page=10&cur_page=1": "/articles4",
  "/web/category/article_list?category=5G&per_page=10&cur_page=1": "/articles4",
  "/web/category/article_list?category=6G&per_page=10&cur_page=1": "/articles4",
  "/web/category/article_list?category=7G&per_page=10&cur_page=1": "/articles4",
  "/web/article/get_collect_list?per_page=10&cur_page=1": "/collections",
  "/web/article/get_collect_list?per_page=10&cur_page=2": "/collections2",
  "/web/article/get_collect_list?per_page=10&cur_page=3": "/collections3",
  "/web/article/detail?id=1":"/articalDetail",
  "/web/user/get_expert_list?cur_page=1&per_page=9": "/professorList",
  "/web/user/get?id=103": "/professorInfo",
  "/web/article/get_list?per_page=9&cur_page=1&author=%E7%8E%8B%E4%B8%80%E9%B8%A3": "/professorArticle"
}
